{"cameraMode":{"drawMode":0,"name":"Shaded","section":"Shading Mode"},"sceneLighting":false,"audioPlay":false,"sceneViewState":{"m_AlwaysRefresh":false,"showFog":true,"showSkybox":false,"showFlares":true,"showImageEffects":true,"showParticleSystems":true,"showVisualEffectGraphs":true,"m_FxEnabled":true},"in2DMode":false,"pivot":{"x":-6.023500442504883,"y":4.565357685089111,"z":0.03272587060928345},"rotation":{"x":-0.09912475943565369,"y":-0.02179449237883091,"z":0.002175856614485383,"w":-0.9948557019233704},"size":0.6091240048408508,"orthographic":false}