{"cameraMode":{"drawMode":0,"name":"Shaded","section":"Shading Mode"},"sceneLighting":false,"audioPlay":false,"sceneViewState":{"m_AlwaysRefresh":false,"showFog":true,"showSkybox":false,"showFlares":true,"showImageEffects":true,"showParticleSystems":true,"showVisualEffectGraphs":true,"m_FxEnabled":true},"in2DMode":false,"pivot":{"x":-11.338441848754883,"y":1.0575369596481324,"z":2.1708459854125978},"rotation":{"x":-0.1122908741235733,"y":-0.17434591054916383,"z":0.020024046301841737,"w":-0.9780671000480652},"size":2.560659885406494,"orthographic":false}